<?xml version="1.0" encoding="UTF-8"?>
<OpenSearchDescription xmlns="http://a9.com/-/spec/opensearch/1.1/">
  <ShortName>UPBGE 0.3+ + Blender 3.6.1 Alpha Python API</ShortName>
  <Description>Search Blender Python API</Description>
  <InputEncoding>utf-8</InputEncoding>
  <Url type="text/html" method="get"
       template="https://upbge.org/docs/latest/api/search.html?q={searchTerms}"/>
  <LongName>Blender Python API</LongName>
  <Image height="16" width="16" type="image/x-icon">https://upbge.org/docs/latest/api/_static/favicon.ico</Image>
  
</OpenSearchDescription>